gene_id,C1,C2,C3,L1,L2,L3
ENSG10223,1461,2578,1921,2195,2025,3790
ENSG10810,40,65,47,70,50,92
ENSG11023,7116,11754,6495,12478,7046,14667
ENSG11384,292,645,450,23229,22582,34474
ENSG11760,12,13,3,6,10,10
ENSG11988,140,146,130,164,76,167
ENSG12021,10210,10086,8823,14105,9168,10931
ENSG12434,1112,932,843,925,828,1432
ENSG12515,1999,3291,3273,2524,3678,3667
ENSG12588,58,75,88,14,8,34
ENSG12672,3776,3515,4202,3324,1725,3261
ENSG12855,354,876,387,649,487,362
ENSG13272,473,865,299,408,310,831
ENSG13381,426,576,461,842,626,717
ENSG13640,32,41,14,34,23,33
ENSG14058,916,960,886,942,711,972
ENSG14225,199,190,130,156,174,300
ENSG14532,23275,24094,14678,12969,13502,20090
ENSG14777,3095,3246,3257,1923,2901,5352
ENSG15771,20319,18329,14001,14376,11813,12359
ENSG15873,150,124,47,45,38,101
ENSG17203,463,425,313,512,272,394
ENSG17786,490,504,416,326,350,397
ENSG17801,454,1004,680,6296,7263,12029
ENSG17846,505,707,407,280,215,291
ENSG17962,41225,43301,59786,58126,15714,40939
ENSG18242,256,248,103,186,274,314
ENSG18822,497,890,527,389,413,548
ENSG19368,17,19,16,30,17,7
ENSG19772,47,149,75,80,32,161
ENSG19877,2268,1817,820,1155,2943,3440
ENSG20450,161,239,86,83,151,199
ENSG20705,863,834,544,972,730,866
ENSG20964,1181,1602,943,1223,1210,1730
ENSG21009,473,419,358,644,701,512
ENSG21023,11279,15170,8945,14334,6645,17932
ENSG21527,163,245,94,202,115,391
ENSG21592,62,67,60,41,35,50
ENSG21917,28,22,34,22,23,30
ENSG22492,246,401,99,171,201,207
ENSG22515,551,1028,705,465,738,559
ENSG22577,28,37,18,270,433,361
ENSG22748,1139,1687,737,665,1126,897
ENSG23004,41,82,40,1232,795,1095
ENSG23333,215,348,92,162,164,415
ENSG24443,1701,1480,979,494,421,1257
ENSG24464,339,486,264,354,386,649
ENSG24529,308,749,556,566,387,661
ENSG24576,314,291,169,282,309,289
ENSG25409,63,104,52,128,53,103
ENSG26079,56,33,36,18,4,13
ENSG26462,181,199,205,177,140,275
ENSG26670,17,17,13,13,3,16
ENSG27085,19381,21617,17785,26881,22156,31587
ENSG27089,5805,13251,5859,17238,13273,12768
ENSG27117,6691,8390,2660,5454,4104,7748
ENSG27671,28041,26057,12924,21979,7060,16135
ENSG27705,106,292,76,317,269,286
ENSG28232,78,105,81,4191,1330,3685
ENSG28747,703,734,482,624,651,510
ENSG29488,54,103,73,95,32,56
ENSG29494,114,125,63,109,111,123
ENSG29506,101,152,112,295,177,139
ENSG29819,431,322,171,299,381,491
ENSG29871,228,171,263,2996,2560,2042
ENSG30025,353,315,301,491,163,412
ENSG30178,1429,1676,642,207,334,534
ENSG30627,276,266,270,534,317,340
ENSG32767,9,7,3,6,9,8
ENSG32954,664,471,330,575,554,468
ENSG33126,105,313,141,130,101,168
ENSG33143,114,192,104,180,297,269
ENSG33185,3450,6552,4844,19350,9691,10441
ENSG33849,3194,4521,1766,3277,2423,3495
ENSG33892,26,25,21,47,34,61
ENSG34791,216,218,214,117,72,106
ENSG35040,317,216,209,499,333,470
ENSG35106,431,389,350,558,271,382
ENSG35435,9,7,12,12,11,9
ENSG35686,766,960,556,87791,51625,101655
ENSG36707,65,77,25,105,114,208
ENSG37131,5951,6258,5116,4843,7649,7300
ENSG37555,8457,21581,11875,9784,13997,16349
ENSG37603,38,53,72,34,52,61
ENSG37727,1343,1186,644,785,453,794
ENSG37957,545,406,431,3801,2354,6930
ENSG38311,433,307,154,155,141,446
ENSG38507,568,874,996,748,566,1255
ENSG38653,76,79,56,130,68,100
ENSG38709,17,40,28,31,5,43
ENSG38736,387,567,241,640,332,530
ENSG38942,516,1353,745,266,310,374
ENSG39017,145,114,121,160,72,175
ENSG39306,289,280,166,498,450,530
ENSG39323,551,488,313,411,363,513
ENSG39371,4190,8188,4521,63848,90241,107228
ENSG40473,62153,27507,38034,23431,26336,24388
ENSG41156,1009,1699,1325,773,1944,1575
ENSG41258,3576,3202,2924,3233,2858,4267
ENSG41260,188,158,77,108,103,172
ENSG41431,153,198,144,123,314,192
ENSG41495,299,221,182,263,222,418
ENSG41648,3241,5539,2421,997,429,881
ENSG41859,222,527,294,395,342,319
ENSG42042,37,35,19,58,36,51
ENSG42079,168,294,215,1117,1891,1369
ENSG42261,2127,3289,2217,2308,2803,2342
ENSG42308,203,257,200,206,390,357
ENSG42548,133,375,98,207,235,245
ENSG42549,39,56,33,23,37,22
ENSG42595,672,1106,842,895,434,1141
ENSG42822,389,837,649,1072,402,327
ENSG43331,249,270,141,194,124,176
ENSG43794,212,194,237,266,207,199
ENSG43802,3078,3577,3357,36268,12156,19055
ENSG44666,191,119,148,96,109,251
ENSG44714,695,864,420,929,534,1218
ENSG44759,582,755,434,97,173,198
ENSG45019,296,483,137,309,306,150
ENSG45068,102,194,175,208,128,180
ENSG45559,889,638,1396,678,852,1410
ENSG45597,526,506,172,342,403,613
ENSG45765,882,1650,725,1048,1195,1508
ENSG46059,115,199,97,158,82,202
ENSG46503,70,100,53,233,215,226
ENSG46745,3321,2657,2347,2718,3788,3342
ENSG47100,2630,1341,2328,1446,1691,3385
ENSG47743,353,484,284,337,306,234
ENSG48064,99,136,86,99,109,124
ENSG48168,293,531,364,383,271,199
ENSG48276,83,72,15,83,56,69
ENSG49038,36601,51546,27251,30096,27390,53051
ENSG49522,26,22,16,14,11,24
ENSG49568,21138,43532,25701,28077,26938,28864
ENSG49654,31,66,25,41,45,55
ENSG49785,368,338,224,324,546,364
ENSG49946,26,34,19,22,9,38
ENSG50062,344,259,290,395,275,384
ENSG50308,2658,4188,1988,3865,2461,3333
ENSG50609,10135,8156,7646,9182,8408,11544
ENSG50761,570,690,391,391,151,520
ENSG50781,6149,5503,4234,3906,2650,2617
ENSG51001,78,113,68,98,103,212
ENSG51008,532,434,356,388,607,706
ENSG51293,592,787,597,637,269,821
ENSG51344,1536,1159,713,487,506,578
ENSG51719,235,213,111,252,143,237
ENSG52425,418,527,206,18280,19793,22328
ENSG52618,145,240,132,179,87,206
ENSG53157,833,1477,1793,907,1034,1563
ENSG53176,16,23,15,22,6,10
ENSG53512,160,254,70,125,90,255
ENSG54535,13,16,9,21,16,20
ENSG55125,866,1250,681,1440,892,1018
ENSG55457,361,496,272,626,395,677
ENSG55755,160,233,82,4358,3081,1741
ENSG55968,2126,1884,1153,9119,18690,13128
ENSG56026,52,63,82,36,51,36
ENSG56333,46,43,52,23,30,41
ENSG56357,31,22,17,58,20,24
ENSG56376,226,370,200,469,360,516
ENSG56433,429,587,449,240,150,279
ENSG56583,716,1140,470,769,466,858
ENSG56753,357,427,353,329,216,434
ENSG56860,615,664,351,504,356,645
ENSG57109,170,275,391,4234,4126,6340
ENSG57181,31,41,53,6,22,15
ENSG57278,2848,3324,2562,2068,1314,3183
ENSG57362,429,1443,361,667,711,871
ENSG58397,1589,2652,1263,2262,1967,1090
ENSG58713,3919,3704,2893,3803,2986,4574
ENSG58879,2153,2019,1252,2073,1253,2014
ENSG58936,48,75,39,50,77,77
ENSG60359,612,613,364,504,419,799
ENSG60847,144,272,149,392,224,349
ENSG61115,543,1945,1015,1503,917,2647
ENSG61229,26,55,30,27,11,22
ENSG62034,257,354,129,266,180,205
ENSG62043,16,23,10,10,15,6
ENSG62332,536,699,395,763,904,784
ENSG62625,19404,31310,20338,25343,14205,23564
ENSG62722,24,57,32,33,42,52
ENSG63231,44,59,17,48,21,40
ENSG63366,144,204,142,252,102,177
ENSG63400,932,1546,560,92753,46049,75849
ENSG63450,428,362,521,2468,4612,2888
ENSG63754,749,1257,624,1315,781,1177
ENSG64034,2250,4672,2336,5152,5334,5757
ENSG64035,202,232,140,11,9,25
ENSG64313,480,574,550,521,672,587
ENSG64881,1131,899,713,969,893,1416
ENSG65785,903,1092,392,612,454,635
ENSG66044,2629,3492,1329,1771,1919,2019
ENSG66103,297,338,301,159,97,379
ENSG66247,314,206,229,461,325,353
ENSG66624,654,1207,801,1283,635,1207
ENSG68644,167,167,111,189,244,413
ENSG69181,962,1793,830,1091,1035,2260
ENSG69201,31539,53328,38369,34798,39322,46287
ENSG69580,1140,1147,1474,253,532,524
ENSG69793,101,220,103,161,108,163
ENSG69874,102,118,55,69,86,151
ENSG69982,295,336,260,324,330,169
ENSG70075,408,353,128,381,163,331
ENSG70840,82,119,170,73,63,110
ENSG71004,930,1778,782,2332,802,1595
ENSG72610,2048,2764,1329,2611,1406,2718
ENSG72633,396,326,218,265,437,511
ENSG73582,688,1609,586,913,732,1183
ENSG74080,32,47,33,50,42,96
ENSG74526,1254,1202,990,1196,1179,1501
ENSG74542,144,307,248,319,142,329
ENSG74636,1386,1559,1461,3228,2250,3713
ENSG74655,141,104,84,69,96,107
ENSG74755,285,477,162,373,142,297
ENSG74756,535,1085,497,1136,767,1516
ENSG74943,68,112,56,92,79,133
ENSG75172,923,792,456,738,558,373
ENSG75228,10903,11810,9313,8341,8832,13041
ENSG75810,1511,1456,650,1336,874,1648
ENSG76111,429,423,446,397,416,670
ENSG76410,223,376,284,193,262,359
ENSG76470,179,120,93,173,132,184
ENSG76690,348,377,311,47,50,59
ENSG76811,107,136,185,454,105,298
ENSG76918,1934,1314,1301,1887,1616,2206
ENSG77217,297,484,338,450,395,575
ENSG77334,251,187,185,217,143,260
ENSG77540,4465,4493,3173,4025,3309,6156
ENSG77888,519,506,383,199,121,179
ENSG78066,847,1117,628,1186,638,1320
ENSG78136,105,75,72,98,83,104
ENSG78678,476,650,297,387,267,427
ENSG79276,74,115,46,173,108,157
ENSG79604,271,244,151,186,278,192
ENSG79699,35849,35151,21210,34033,19167,28442
ENSG79749,13109,10797,9690,17586,11479,18755
ENSG79841,656,1102,559,599,406,751
ENSG79842,71,192,63,182,88,121
ENSG80205,244,285,322,234,284,467
ENSG80290,254,159,106,245,88,534
ENSG80692,562,541,747,585,379,856
ENSG80742,249,448,281,250,325,512
ENSG80840,3762,3944,4139,3878,5064,5444
ENSG80859,526,1016,589,667,522,512
ENSG81393,15,36,14,29,44,14
ENSG81401,76,40,112,91,96,94
ENSG81555,13,8,16,16,5,15
ENSG81590,10755,15297,12453,6640,7757,12074
ENSG81661,5328,5323,2597,3831,1539,5203
ENSG81687,107,342,254,220,184,489
ENSG82286,535,299,218,319,313,392
ENSG82352,35,123,58,83,123,127
ENSG82875,31,54,44,276,130,339
ENSG82951,492,356,205,263,533,420
ENSG83400,585,772,499,821,374,752
ENSG83752,432,686,377,292,383,574
ENSG83776,169,372,171,212,117,270
ENSG83830,1433,1928,1888,2590,1619,2334
ENSG84031,357,500,195,181,132,374
ENSG84816,31,95,86,93,42,85
ENSG84824,530,543,383,2528,1002,2538
ENSG84866,58,92,60,82,83,77
ENSG85043,861,1140,418,1310,427,755
ENSG85102,247,350,155,208,151,250
ENSG86478,108,62,18,56,80,62
ENSG87034,66,47,27,112,79,112
ENSG87319,21838,15340,19690,25160,16035,24185
ENSG87401,1324,3859,2853,2354,2986,1928
ENSG87424,7687,7962,6095,5856,5117,6756
ENSG87546,818,456,311,138,119,160
ENSG87913,119,150,128,133,158,191
ENSG88989,5426,3835,6809,10582,4653,10103
ENSG89723,418,543,368,366,266,397
ENSG89955,1211,2675,1356,1190,991,2304
ENSG90072,114,124,119,75,94,130
ENSG90160,41,92,37,87,59,86
ENSG91030,340,1037,464,216,481,486
ENSG91449,1782,3598,2311,2218,1920,2217
ENSG91623,181,155,65,142,126,166
ENSG92224,3018,4427,2834,4313,3718,4450
ENSG93125,703,781,527,860,726,636
ENSG93430,3083,4278,2885,899,568,1289
ENSG93639,5200,6323,6552,5924,3350,4180
ENSG93835,372,315,185,1604,2473,2840
ENSG93911,92,187,208,166,198,228
ENSG94360,1186,2507,2049,11068,8897,9222
ENSG94531,1856,2083,1103,1043,1909,1428
ENSG94560,106,133,102,3358,4266,5833
ENSG94692,218,214,174,1358,3007,5286
ENSG94897,34,52,55,2475,2236,2224
ENSG95817,193,342,236,634,245,854
ENSG96148,115,142,77,43,99,227
ENSG96270,225,308,192,169,244,231
ENSG96564,2362,5491,2778,21801,17301,21939
ENSG97304,179,257,170,233,194,264
ENSG97412,29,56,63,46,49,65
ENSG97994,439,539,329,567,259,775
ENSG99441,283,491,364,702,722,393
ENSG99856,1361,1330,648,1149,1254,1910
