gene_id,symbol,chr,biotype
ENSG10223,GENE048,chr1,protein_coding
ENSG10810,GENE146,chr13,protein_coding
ENSG11023,UBC,chr18,protein_coding
ENSG11384,CXCL10,chr11,protein_coding
ENSG11760,GENE025,chr16,protein_coding
ENSG11988,GENE029,chr20,lncRNA
ENSG12021,GENE173,chr4,protein_coding
ENSG12434,GENE031,chr11,lncRNA
ENSG12515,GENE061,chr8,lncRNA
ENSG12588,F13A1,chr12,protein_coding
ENSG12672,GENE126,chr16,protein_coding
ENSG12855,GENE027,chr3,protein_coding
ENSG13272,GENE175,chr3,protein_coding
ENSG13381,GENE086,chr17,protein_coding
ENSG13640,GENE095,chr4,protein_coding
ENSG14058,GENE071,chr2,lncRNA
ENSG14225,GENE185,chr8,protein_coding
ENSG14532,GENE082,chrX,protein_coding
ENSG14777,GENE210,chr21,protein_coding
ENSG15771,RPLP0,chrX,protein_coding
ENSG15873,GENE217,chr9,lncRNA
ENSG17203,GENE222,chr17,protein_coding
ENSG17786,GENE057,chr15,protein_coding
ENSG17801,CCL2,chr2,protein_coding
ENSG17846,GENE030,chrX,protein_coding
ENSG17962,YWHAZ,chr12,protein_coding
ENSG18242,GENE024,chr11,protein_coding
ENSG18822,GENE110,chr17,protein_coding
ENSG19368,GENE042,chr16,protein_coding
ENSG19772,GENE087,chr13,protein_coding
ENSG19877,GENE205,chr18,protein_coding
ENSG20450,GENE144,chr9,protein_coding
ENSG20705,GENE129,chr8,protein_coding
ENSG20964,GENE014,chr15,protein_coding
ENSG21009,GENE015,chr2,lncRNA
ENSG21023,TBP,chr11,protein_coding
ENSG21527,GENE148,chr17,protein_coding
ENSG21592,GENE229,chr16,lncRNA
ENSG21917,GENE240,chr1,protein_coding
ENSG22492,GENE188,chr16,protein_coding
ENSG22515,GENE074,chr17,protein_coding
ENSG22577,IRF7,chr5,protein_coding
ENSG22748,GENE052,chr1,lncRNA
ENSG23004,SERPINB2,chr13,protein_coding
ENSG23333,GENE228,chr7,lncRNA
ENSG24443,TGFBR1,chr12,protein_coding
ENSG24464,GENE230,chr12,protein_coding
ENSG24529,GENE242,chr2,protein_coding
ENSG24576,GENE227,chr18,protein_coding
ENSG25409,GENE120,chr1,lncRNA
ENSG26079,FOLR2,chrX,protein_coding
ENSG26462,GENE179,chr1,protein_coding
ENSG26670,GENE134,chr7,protein_coding
ENSG27085,PGK1,chr9,protein_coding
ENSG27089,GENE009,chr21,protein_coding
ENSG27117,GENE184,chr22,lncRNA
ENSG27671,GENE238,chr3,protein_coding
ENSG27705,GENE157,chr9,protein_coding
ENSG28232,SOD2,chr4,protein_coding
ENSG28747,GENE038,chr9,protein_coding
ENSG29488,GENE233,chrX,lncRNA
ENSG29494,GENE165,chr4,protein_coding
ENSG29506,GENE047,chr13,protein_coding
ENSG29819,GENE125,chr5,protein_coding
ENSG29871,CXCL8,chr22,protein_coding
ENSG30025,GENE137,chr13,lncRNA
ENSG30178,SELENOP,chr2,protein_coding
ENSG30627,GENE253,chr1,protein_coding
ENSG32767,GENE168,chr12,protein_coding
ENSG32954,GENE007,chrX,protein_coding
ENSG33126,GENE070,chr16,protein_coding
ENSG33143,GENE147,chr20,protein_coding
ENSG33185,GENE225,chr19,protein_coding
ENSG33849,GENE247,chr14,lncRNA
ENSG33892,GENE250,chr15,lncRNA
ENSG34791,GENE091,chr13,protein_coding
ENSG35040,GENE160,chr11,protein_coding
ENSG35106,GENE063,chr5,protein_coding
ENSG35435,GENE018,chr18,protein_coding
ENSG35686,IFIT2,chr3,protein_coding
ENSG36707,GENE097,chr21,protein_coding
ENSG37131,GENE046,chr9,protein_coding
ENSG37555,GENE112,chr16,protein_coding
ENSG37603,GENE090,chr8,protein_coding
ENSG37727,GENE195,chr10,protein_coding
ENSG37957,IL10,chr18,protein_coding
ENSG38311,GENE208,chr15,lncRNA
ENSG38507,GENE124,chr15,protein_coding
ENSG38653,GENE012,chr11,protein_coding
ENSG38709,GENE231,chr21,lncRNA
ENSG38736,GENE180,chr22,protein_coding
ENSG38942,GENE216,chr21,lncRNA
ENSG39017,GENE010,chr2,protein_coding
ENSG39306,GENE004,chrX,protein_coding
ENSG39323,GENE182,chr18,protein_coding
ENSG39371,IFIT3,chr20,protein_coding
ENSG40473,GENE056,chr6,protein_coding
ENSG41156,GENE098,chr4,protein_coding
ENSG41258,GENE219,chr12,protein_coding
ENSG41260,GENE183,chr21,lncRNA
ENSG41431,GENE036,chr14,protein_coding
ENSG41495,GENE028,chr20,protein_coding
ENSG41648,CD163,chr12,protein_coding
ENSG41859,GENE243,chr2,lncRNA
ENSG42042,GENE130,chr9,protein_coding
ENSG42079,OASL,chr16,protein_coding
ENSG42261,GENE211,chr3,protein_coding
ENSG42308,GENE234,chr4,protein_coding
ENSG42548,GENE034,chr1,protein_coding
ENSG42549,GENE167,chr8,protein_coding
ENSG42595,GENE207,chr18,lncRNA
ENSG42822,GENE236,chr9,protein_coding
ENSG43331,GENE045,chr19,lncRNA
ENSG43794,GENE150,chr4,lncRNA
ENSG43802,CCL3,chr6,protein_coding
ENSG44666,GENE079,chr4,protein_coding
ENSG44714,GENE174,chr17,lncRNA
ENSG44759,P2RY13,chr14,protein_coding
ENSG45019,GENE078,chr5,protein_coding
ENSG45068,GENE138,chr18,lncRNA
ENSG45559,GENE187,chr4,protein_coding
ENSG45597,GENE107,chr4,protein_coding
ENSG45765,GENE249,chr13,protein_coding
ENSG46059,GENE178,chr13,protein_coding
ENSG46503,GENE033,chr13,protein_coding
ENSG46745,GENE170,chr3,lncRNA
ENSG47100,GENE096,chr5,protein_coding
ENSG47743,GENE133,chr10,protein_coding
ENSG48064,GENE209,chr16,lncRNA
ENSG48168,GENE051,chr20,protein_coding
ENSG48276,GENE145,chr9,protein_coding
ENSG49038,GENE224,chr1,lncRNA
ENSG49522,GENE077,chr15,protein_coding
ENSG49568,GENE190,chr2,protein_coding
ENSG49654,GENE181,chr19,lncRNA
ENSG49785,GENE135,chr9,protein_coding
ENSG49946,GENE254,chr10,protein_coding
ENSG50062,GENE245,chr19,protein_coding
ENSG50308,GENE226,chr3,protein_coding
ENSG50609,B2M,chr9,protein_coding
ENSG50761,GENE017,chr13,protein_coding
ENSG50781,GENE248,chr5,protein_coding
ENSG51001,GENE105,chr4,protein_coding
ENSG51008,GENE116,chr10,lncRNA
ENSG51293,GENE251,chr6,protein_coding
ENSG51344,GENE151,chr17,protein_coding
ENSG51719,GENE140,chr9,protein_coding
ENSG52425,IFIT1,chr7,protein_coding
ENSG52618,GENE155,chr7,protein_coding
ENSG53157,GENE139,chr8,protein_coding
ENSG53176,GENE202,chr11,protein_coding
ENSG53512,GENE177,chr6,protein_coding
ENSG54535,GENE005,chr11,protein_coding
ENSG55125,GENE083,chr16,protein_coding
ENSG55457,GENE089,chr21,protein_coding
ENSG55755,TNF,chr21,protein_coding
ENSG55968,IL1B,chrX,protein_coding
ENSG56026,GENE066,chr15,protein_coding
ENSG56333,GENE113,chr15,protein_coding
ENSG56357,GENE198,chr9,protein_coding
ENSG56376,GENE132,chr19,protein_coding
ENSG56433,MRC1,chr15,protein_coding
ENSG56583,GENE161,chr22,protein_coding
ENSG56753,GENE019,chr22,protein_coding
ENSG56860,GENE154,chr13,protein_coding
ENSG57109,TNFAIP3,chr1,protein_coding
ENSG57181,GENE156,chr21,protein_coding
ENSG57278,GENE050,chr4,lncRNA
ENSG57362,GENE159,chr13,protein_coding
ENSG58397,GENE064,chr22,protein_coding
ENSG58713,GENE023,chr10,protein_coding
ENSG58879,GENE213,chr11,protein_coding
ENSG58936,GENE172,chr20,protein_coding
ENSG60359,GENE164,chr7,protein_coding
ENSG60847,GENE214,chr7,protein_coding
ENSG61115,GENE142,chr11,lncRNA
ENSG61229,GENE121,chr20,lncRNA
ENSG62034,GENE123,chr11,protein_coding
ENSG62043,GENE043,chr8,protein_coding
ENSG62332,GENE016,chr14,protein_coding
ENSG62625,ACTB,chr15,protein_coding
ENSG62722,GENE099,chrX,protein_coding
ENSG63231,GENE001,chr19,protein_coding
ENSG63366,GENE020,chr21,protein_coding
ENSG63400,CCL20,chr2,protein_coding
ENSG63450,IL1A,chr5,protein_coding
ENSG63754,GENE158,chr15,protein_coding
ENSG64034,GENE081,chr22,protein_coding
ENSG64035,CX3CR1,chr15,protein_coding
ENSG64313,GENE244,chr6,protein_coding
ENSG64881,GENE068,chr4,lncRNA
ENSG65785,GENE166,chrX,protein_coding
ENSG66044,GENE127,chr18,lncRNA
ENSG66103,GENE163,chr7,lncRNA
ENSG66247,GENE062,chr17,lncRNA
ENSG66624,GENE035,chr10,protein_coding
ENSG68644,GENE094,chr8,lncRNA
ENSG69181,GENE076,chr3,protein_coding
ENSG69201,HPRT1,chr4,protein_coding
ENSG69580,MAF,chr19,protein_coding
ENSG69793,GENE084,chr20,protein_coding
ENSG69874,GENE153,chr3,lncRNA
ENSG69982,GENE073,chr15,protein_coding
ENSG70075,GENE106,chr18,lncRNA
ENSG70840,GENE022,chr4,protein_coding
ENSG71004,GENE039,chr18,protein_coding
ENSG72610,GENE221,chr13,protein_coding
ENSG72633,GENE131,chr13,protein_coding
ENSG73582,GENE220,chr9,protein_coding
ENSG74080,GENE075,chr20,protein_coding
ENSG74526,GENE200,chr1,protein_coding
ENSG74542,GENE103,chr9,lncRNA
ENSG74636,GENE101,chr3,protein_coding
ENSG74655,GENE060,chr6,lncRNA
ENSG74755,GENE053,chr11,protein_coding
ENSG74756,GENE058,chr17,protein_coding
ENSG74943,GENE215,chr17,lncRNA
ENSG75172,GENE008,chr3,protein_coding
ENSG75228,GENE002,chr10,protein_coding
ENSG75810,GENE152,chr12,protein_coding
ENSG76111,GENE021,chr9,lncRNA
ENSG76410,GENE013,chr8,protein_coding
ENSG76470,GENE003,chr1,protein_coding
ENSG76690,LYVE1,chr8,protein_coding
ENSG76811,GENE117,chr2,lncRNA
ENSG76918,GENE218,chr13,protein_coding
ENSG77217,GENE085,chr3,protein_coding
ENSG77334,GENE149,chr14,protein_coding
ENSG77540,GENE189,chr22,lncRNA
ENSG77888,CD36,chr5,protein_coding
ENSG78066,GENE136,chr15,protein_coding
ENSG78136,GENE041,chr12,lncRNA
ENSG78678,GENE072,chr1,protein_coding
ENSG79276,GENE055,chr8,protein_coding
ENSG79604,GENE049,chrX,lncRNA
ENSG79699,PPIA,chr20,protein_coding
ENSG79749,GAPDH,chr19,protein_coding
ENSG79841,GENE118,chr20,lncRNA
ENSG79842,GENE204,chrX,protein_coding
ENSG80205,GENE100,chr13,lncRNA
ENSG80290,GENE212,chr13,protein_coding
ENSG80692,GENE162,chr6,lncRNA
ENSG80742,GENE143,chr6,protein_coding
ENSG80840,GENE026,chr13,protein_coding
ENSG80859,GENE054,chr1,lncRNA
ENSG81393,GENE192,chr2,protein_coding
ENSG81401,GENE128,chr17,lncRNA
ENSG81555,GENE067,chr8,protein_coding
ENSG81590,GENE006,chr11,protein_coding
ENSG81661,GENE223,chr7,protein_coding
ENSG81687,GENE171,chr6,lncRNA
ENSG82286,GENE196,chr15,protein_coding
ENSG82352,GENE169,chr20,protein_coding
ENSG82875,PTGS2,chr20,protein_coding
ENSG82951,GENE141,chr5,protein_coding
ENSG83400,GENE246,chr4,protein_coding
ENSG83752,GENE206,chr20,protein_coding
ENSG83776,GENE122,chr14,lncRNA
ENSG83830,GENE191,chr22,protein_coding
ENSG84031,GENE093,chr4,protein_coding
ENSG84816,GENE040,chr14,protein_coding
ENSG84824,GENE176,chr9,protein_coding
ENSG84866,GENE044,chr17,protein_coding
ENSG85043,GENE032,chr4,lncRNA
ENSG85102,GENE201,chr1,lncRNA
ENSG86478,GENE203,chr16,protein_coding
ENSG87034,GENE092,chr14,protein_coding
ENSG87319,GENE037,chr18,protein_coding
ENSG87401,GENE232,chr20,protein_coding
ENSG87424,GENE011,chr6,protein_coding
ENSG87546,STAB1,chr19,protein_coding
ENSG87913,GENE065,chr1,protein_coding
ENSG88989,GENE239,chr20,lncRNA
ENSG89723,GENE199,chr17,protein_coding
ENSG89955,GENE197,chr13,lncRNA
ENSG90072,GENE252,chr20,protein_coding
ENSG90160,GENE080,chr22,protein_coding
ENSG91030,GENE237,chr16,protein_coding
ENSG91449,GENE104,chr9,protein_coding
ENSG91623,GENE109,chr11,protein_coding
ENSG92224,GENE119,chr22,protein_coding
ENSG93125,GENE114,chr12,protein_coding
ENSG93430,GENE069,chr19,protein_coding
ENSG93639,GENE111,chr13,protein_coding
ENSG93835,MX1,chr18,protein_coding
ENSG93911,GENE241,chr21,lncRNA
ENSG94360,IDO1,chr11,protein_coding
ENSG94531,GENE194,chrX,protein_coding
ENSG94560,ISG15,chr8,protein_coding
ENSG94692,NFKBIA,chr15,protein_coding
ENSG94897,CCL4,chr21,protein_coding
ENSG95817,GENE088,chr14,protein_coding
ENSG96148,GENE186,chr14,protein_coding
ENSG96270,GENE102,chr5,protein_coding
ENSG96564,IL6,chr20,protein_coding
ENSG97304,GENE235,chr4,lncRNA
ENSG97412,GENE193,chr3,lncRNA
ENSG97994,GENE115,chr21,protein_coding
ENSG99441,GENE059,chr14,protein_coding
ENSG99856,GENE108,chr17,protein_coding
