id,sex,group,age,glucose,hba1c,chol,blood
P01,M,control,70,121,5.3,177,O
P02,M,control,68,102,5.8,215,A
P03,F,control,60,112,5.7,190,A
P04,F,control,70,117,4.9,219,A
P05,M,control,62,69,5.0,187,B
P06,M,control,64,168,6.2,208,A
P07,F,control,68,117,5.4,188,O
P08,M,control,72,121,5.5,204,A
P09,M,control,59,131,6.1,194,B
P10,F,control,72,102,5.7,228,O
P11,M,control,28,116,5.8,181,O
P12,F,control,42,116,5.5,204,AB
P13,M,control,67,119,5.4,180,O
P14,M,control,66,107,5.4,252,B
P15,M,control,44,99,5.2,160,AB
P16,F,control,60,110,5.7,187,B
P17,M,control,31,119,5.4,265,O
P18,F,control,58,105,5.5,233,O
P19,M,control,46,85,5.1,203,O
P20,M,control,34,77,4.8,212,B
P21,F,control,57,117,5.3,213,A
P22,F,control,62,115,5.3,175,O
P23,M,diabetes,60,134,6.1,207,A
P24,M,diabetes,53,139,6.3,220,O
P25,M,diabetes,44,197,8.5,254,A
P26,M,diabetes,46,120,5.7,201,O
P27,M,diabetes,63,146,7.1,234,B
P28,M,diabetes,50,175,8.1,222,O
P29,M,diabetes,64,146,6.4,244,O
P30,F,diabetes,30,171,8.4,219,A
P31,M,diabetes,65,88,5.7,157,B
P32,F,diabetes,38,192,7.9,205,A
P33,F,diabetes,44,143,7.1,176,B
P34,F,diabetes,63,192,8.8,182,O
P35,M,diabetes,35,124,6.5,219,AB
P36,M,diabetes,64,139,6.6,211,O
P37,F,diabetes,43,222,9.3,222,A
P38,M,diabetes,35,185,8.0,186,B
P39,M,diabetes,56,191,8.3,144,O
P40,F,diabetes,55,160,6.9,181,B
