Patient ID,Sex,Age,Collect Date,Glucose (mg/dL),HbA1c (%),BP
L001,female,46,2024/02/08,91 mg/dL,5.7,127/83
L002,F,36,2024/04/23,103 mg/dL,5.1%,105/83
L003,F,70,2024/04/16,85 mg/dL,5.3,133/75
L004,male,53,2024/04/11,127 mg/dL,6.8,127/88
L005,Female,74,2024/05/19,141 mg/dL,8.1,156/74
L006,M,63,2024/03/10,117 mg/dL,6.8%,140/89
L007,M,57,2024/02/04,84 mg/dL,5.3,122/84
L008,F,73,2024/05/13,88 mg/dL,5.7,138/74
L009,F,52,2024/02/29,76 mg/dL,,120/74
L010,F,51,2024/04/08,85 mg/dL,5.4%,110/67
L011,M,52,2024/04/28,90 mg/dL,5.6,130/84
L012,F,62,2024/05/06,133 mg/dL,6.9,140/88
L013,F,45,2024/05/19,80 mg/dL,5.1,113/73
L014,F,72,2024/03/26,92 mg/dL,4.7%,142/79
L015,M,62,2024/04/28,120 mg/dL,7,130/67
L016,female,30,2024/02/06,102 mg/dL,5.1,122/68
L017,m,38,2024/03/29,hemolyzed,4.8,117/76
L018,M,45,2024/02/09,109 mg/dL,5.2%,110/61
L019,M,62,2024/02/19,124 mg/dL,5.3,129/75
L020,M,41,2024/04/05,85 mg/dL,5.2,124/70
L012,F,62,2024/05/06,133 mg/dL,6.9,140/88
L021,M,35,2024/05/22,83 mg/dL,5.1,102/70
L022,m,55,2024/02/17,86 mg/dL,5.3%,144/77
L023,f,76,2024/05/10,70 mg/dL,4.6,132/85
L024,M,40,2024/05/18,105 mg/dL,5.9,127/87
L025,M,71,2024/03/21,125 mg/dL,6.9,145/86
L026,female,75,2024/04/08,119 mg/dL,6.7%,165/78
L027,m,27,2024/03/29,105 mg/dL,5.8,115/69
L028,M,28,2024/02/11,77 mg/dL,5.1,134/63
L029,F,75,2024/02/27,140 mg/dL,8.6,154/76
L030,F,67,2024/03/12,102 mg/dL,6.5%,137/74
L031,Male,31,2024/05/29,108 mg/dL,5.3,127/77
L032,M,52,2024/03/08,87 mg/dL,4.8,134/75
L033,M,27,2024/05/22,104 mg/dL,NA,109/58
L034,F,52,2024/02/18,123 mg/dL,6.9%,146/80
L035,female,67,2024/05/06,97 mg/dL,5.7,143/88
L036,M,56,2024/02/25,96 mg/dL,6,145/86
L037,f,45,2024/04/27,101 mg/dL,6.5,129/58
L038,M,36,2024/05/04,94 mg/dL,5.5%,128/89
L039,f,73,2024/05/31,145 mg/dL,7.4,142/81
L040,Female,57,2024/05/14,136 mg/dL,6.9,135/79
L041,female,41,2024/04/26,98 mg/dL,5.3,101/82
L042,M,32,2024/03/12,83 mg/dL,4.9%,102/65
L043,female,42,2024/05/27,98 mg/dL,5.9,127/82
L044,male,76,2024/05/16,79 mg/dL,5.7,152/88
L045,F,67,2024/03/30,92 mg/dL,4.8,144/81
L040,Female,57,2024/05/14,136 mg/dL,6.9,135/79
L046,Female,27,2024/05/24,100 mg/dL,5.7%,90/69
L047,m,48,2024/04/07,92 mg/dL,6.1,129/64
L048,Female,61,2024/03/07,96 mg/dL,4.9,144/81
L049,F,31,2024/04/07,88 mg/dL,5,104/74
L050,M,69,2024/03/20,,4.8%,153/79
L051,F,41,2024/02/26,107 mg/dL,6.2,137/70
L052,M,32,2024/03/28,100 mg/dL,5.2,109/69
L053,F,65,2024/04/01,138 mg/dL,6.7,160/74
L054,M,63,2024/05/03,93 mg/dL,5.4%,127/97
L055,M,70,2024/05/16,122 mg/dL,7.2,146/85
L056,M,37,2024/02/11,99 mg/dL,5.1,107/73
L057,F,26,2024/02/28,71 mg/dL,5.2,121/75
L058,F,72,2024/04/23,118 mg/dL,7.2%,132/86
L059,M,38,2024/03/12,127 mg/dL,5.6,139/76
L060,f,65,2024/02/06,138 mg/dL,7.4,134/77
L061,F,35,2024/04/14,113 mg/dL,5.5,118/67
L062,M,58,2024/04/22,76 mg/dL,4.9%,135/79
L063,M,72,2024/05/21,136 mg/dL,7.6,135/78
L064,f,34,2024/03/07,98 mg/dL,5.9,116/72
