id,group,glu_0,glu_30,glu_60,glu_90,glu_120,ins_0,ins_30,ins_60,ins_90,ins_120
S01,normal,83,139,115,105,93,11.5,57.1,52.4,28.2,14.8
S02,normal,88,140,122,99,89,10.2,70.4,54.8,35.4,16.6
S03,normal,82,149,133,106,87,11.7,70.9,57.2,33.3,22.7
S04,normal,98,150,146,124,104,7.9,78.5,55.1,38.2,26.6
S05,IGT,93,175,179,167,144,8.3,35.7,60.7,63.4,47.8
S06,IGT,112,183,199,184,162,14.1,41.2,66.3,70.3,59.6
S07,IGT,110,188,207,189,173,9.9,46.6,59.3,66.7,57.1
S08,IGT,107,185,193,181,162,7.6,40.3,64.7,64.8,54.3
S09,diabetes,135,216,247,243,219,18.2,38.2,51,54.5,41.2
S10,diabetes,133,203,243,232,230,11.2,27,38.3,41.9,35.7
S11,diabetes,126,200,230,229,203,12.8,26.6,48,50.8,42.8
S12,diabetes,136,236,262,278,243,8.9,21.2,28.6,34.8,32.4
