sample,condition,gene,rep,ct
C1,control,GAPDH,1,18.13
C1,control,GAPDH,2,18.08
C1,control,GAPDH,3,18.12
C1,control,IL6,1,29.42
C1,control,IL6,2,29.67
C1,control,IL6,3,29.52
C1,control,TNF,1,27.79
C1,control,TNF,2,27.69
C1,control,TNF,3,27.69
C2,control,GAPDH,1,19.34
C2,control,GAPDH,2,19.16
C2,control,GAPDH,3,19.36
C2,control,IL6,1,30.71
C2,control,IL6,2,30.9
C2,control,IL6,3,32.9
C2,control,TNF,1,28.33
C2,control,TNF,2,28.65
C2,control,TNF,3,28.56
C3,control,GAPDH,1,18.29
C3,control,GAPDH,2,17.98
C3,control,GAPDH,3,18.16
C3,control,IL6,1,29.33
C3,control,IL6,2,29.37
C3,control,IL6,3,29.41
C3,control,TNF,1,26.81
C3,control,TNF,2,26.65
C3,control,TNF,3,26.71
L1,LPS,GAPDH,1,18.87
L1,LPS,GAPDH,2,18.84
L1,LPS,GAPDH,3,19.02
L1,LPS,IL6,1,25.91
L1,LPS,IL6,2,25.71
L1,LPS,IL6,3,25.79
L1,LPS,TNF,1,25.9
L1,LPS,TNF,2,25.77
L1,LPS,TNF,3,25.85
L2,LPS,GAPDH,1,17.91
L2,LPS,GAPDH,2,17.67
L2,LPS,GAPDH,3,17.94
L2,LPS,IL6,1,24.1
L2,LPS,IL6,2,24.24
L2,LPS,IL6,3,24.19
L2,LPS,TNF,1,23.54
L2,LPS,TNF,2,23.29
L2,LPS,TNF,3,23.35
L3,LPS,GAPDH,1,17.74
L3,LPS,GAPDH,2,17.65
L3,LPS,GAPDH,3,17.44
L3,LPS,IL6,1,22.78
L3,LPS,IL6,2,22.9
L3,LPS,IL6,3,23.09
L3,LPS,TNF,1,22.96
L3,LPS,TNF,2,22.96
L3,LPS,TNF,3,23.04
