sample,condition,gene,cycle,fluor
C1,control,GAPDH,1,0.0221
C1,control,GAPDH,2,0.018
C1,control,GAPDH,3,0.0146
C1,control,GAPDH,4,0.0256
C1,control,GAPDH,5,0.0215
C1,control,GAPDH,6,0.0109
C1,control,GAPDH,7,0.022
C1,control,GAPDH,8,0.0151
C1,control,GAPDH,9,0.0279
C1,control,GAPDH,10,0.0366
C1,control,GAPDH,11,0.0361
C1,control,GAPDH,12,0.0297
C1,control,GAPDH,13,0.0282
C1,control,GAPDH,14,0.0323
C1,control,GAPDH,15,0.054
C1,control,GAPDH,16,0.0887
C1,control,GAPDH,17,0.1264
C1,control,GAPDH,18,0.2075
C1,control,GAPDH,19,0.3186
C1,control,GAPDH,20,0.4868
C1,control,GAPDH,21,0.6935
C1,control,GAPDH,22,0.9419
C1,control,GAPDH,23,1.1814
C1,control,GAPDH,24,1.387
C1,control,GAPDH,25,1.5412
C1,control,GAPDH,26,1.6537
C1,control,GAPDH,27,1.7219
C1,control,GAPDH,28,1.7588
C1,control,GAPDH,29,1.7796
C1,control,GAPDH,30,1.8015
C1,control,GAPDH,31,1.7989
C1,control,GAPDH,32,1.8147
C1,control,GAPDH,33,1.8105
C1,control,GAPDH,34,1.8152
C1,control,GAPDH,35,1.8183
C1,control,GAPDH,36,1.8209
C1,control,GAPDH,37,1.8133
C1,control,GAPDH,38,1.8229
C1,control,GAPDH,39,1.8173
C1,control,GAPDH,40,1.8197
C1,control,IL6,1,0.0286
C1,control,IL6,2,0.0308
C1,control,IL6,3,0.0187
C1,control,IL6,4,0.0094
C1,control,IL6,5,0.0174
C1,control,IL6,6,0.0218
C1,control,IL6,7,0.0263
C1,control,IL6,8,0.0204
C1,control,IL6,9,0.0213
C1,control,IL6,10,0.0221
C1,control,IL6,11,0.0244
C1,control,IL6,12,0.021
C1,control,IL6,13,0.0186
C1,control,IL6,14,0.0198
C1,control,IL6,15,0.029
C1,control,IL6,16,0.0214
C1,control,IL6,17,0.0162
C1,control,IL6,18,0.0077
C1,control,IL6,19,0.01
C1,control,IL6,20,0.0268
C1,control,IL6,21,0.0253
C1,control,IL6,22,0.0249
C1,control,IL6,23,0.0144
C1,control,IL6,24,0.021
C1,control,IL6,25,0.033
C1,control,IL6,26,0.053
C1,control,IL6,27,0.0892
C1,control,IL6,28,0.1033
C1,control,IL6,29,0.1899
C1,control,IL6,30,0.2881
C1,control,IL6,31,0.4358
C1,control,IL6,32,0.6336
C1,control,IL6,33,0.887
C1,control,IL6,34,1.1114
C1,control,IL6,35,1.3423
C1,control,IL6,36,1.5086
C1,control,IL6,37,1.6182
C1,control,IL6,38,1.6922
C1,control,IL6,39,1.7479
C1,control,IL6,40,1.7745
C1,control,TNF,1,0.0276
C1,control,TNF,2,0.011
C1,control,TNF,3,0.0159
C1,control,TNF,4,0.0132
C1,control,TNF,5,0.0238
C1,control,TNF,6,0.0129
C1,control,TNF,7,0.0196
C1,control,TNF,8,0.0154
C1,control,TNF,9,0.0179
C1,control,TNF,10,0.0138
C1,control,TNF,11,0.0189
C1,control,TNF,12,0.0069
C1,control,TNF,13,0.0181
C1,control,TNF,14,0.0306
C1,control,TNF,15,0.0228
C1,control,TNF,16,0.0167
C1,control,TNF,17,0.0215
C1,control,TNF,18,0.0231
C1,control,TNF,19,0.0249
C1,control,TNF,20,0.0314
C1,control,TNF,21,0.0186
C1,control,TNF,22,0.0369
C1,control,TNF,23,0.0289
C1,control,TNF,24,0.0511
C1,control,TNF,25,0.0762
C1,control,TNF,26,0.102
C1,control,TNF,27,0.1589
C1,control,TNF,28,0.2406
C1,control,TNF,29,0.3683
C1,control,TNF,30,0.5598
C1,control,TNF,31,0.7914
C1,control,TNF,32,1.0342
C1,control,TNF,33,1.2507
C1,control,TNF,34,1.443
C1,control,TNF,35,1.5841
C1,control,TNF,36,1.6599
C1,control,TNF,37,1.7392
C1,control,TNF,38,1.778
C1,control,TNF,39,1.7867
C1,control,TNF,40,1.7982
C2,control,GAPDH,1,0.0159
C2,control,GAPDH,2,0.0177
C2,control,GAPDH,3,0.0303
C2,control,GAPDH,4,0.0146
C2,control,GAPDH,5,0.0154
C2,control,GAPDH,6,0.0225
C2,control,GAPDH,7,0.0184
C2,control,GAPDH,8,0.0368
C2,control,GAPDH,9,0.0289
C2,control,GAPDH,10,0.0297
C2,control,GAPDH,11,0.0204
C2,control,GAPDH,12,0.0315
C2,control,GAPDH,13,0.0277
C2,control,GAPDH,14,0.0409
C2,control,GAPDH,15,0.0287
C2,control,GAPDH,16,0.059
C2,control,GAPDH,17,0.0728
C2,control,GAPDH,18,0.1243
C2,control,GAPDH,19,0.1898
C2,control,GAPDH,20,0.2892
C2,control,GAPDH,21,0.434
C2,control,GAPDH,22,0.6492
C2,control,GAPDH,23,0.8901
C2,control,GAPDH,24,1.1381
C2,control,GAPDH,25,1.3485
C2,control,GAPDH,26,1.505
C2,control,GAPDH,27,1.6339
C2,control,GAPDH,28,1.6987
C2,control,GAPDH,29,1.7635
C2,control,GAPDH,30,1.7896
C2,control,GAPDH,31,1.7901
C2,control,GAPDH,32,1.8128
C2,control,GAPDH,33,1.8208
C2,control,GAPDH,34,1.8177
C2,control,GAPDH,35,1.8006
C2,control,GAPDH,36,1.8126
C2,control,GAPDH,37,1.8185
C2,control,GAPDH,38,1.8186
C2,control,GAPDH,39,1.8254
C2,control,GAPDH,40,1.8196
C2,control,IL6,1,0.0302
C2,control,IL6,2,0.0156
C2,control,IL6,3,0.0216
C2,control,IL6,4,0.0253
C2,control,IL6,5,0.0175
C2,control,IL6,6,0.0214
C2,control,IL6,7,0.0248
C2,control,IL6,8,0.0248
C2,control,IL6,9,0.0227
C2,control,IL6,10,0.0279
C2,control,IL6,11,0.0252
C2,control,IL6,12,0.0238
C2,control,IL6,13,0.0219
C2,control,IL6,14,0.0086
C2,control,IL6,15,0.0241
C2,control,IL6,16,0.0214
C2,control,IL6,17,0.0268
C2,control,IL6,18,0.0196
C2,control,IL6,19,0.0269
C2,control,IL6,20,0.0292
C2,control,IL6,21,0.019
C2,control,IL6,22,0.0289
C2,control,IL6,23,0.019
C2,control,IL6,24,0.0259
C2,control,IL6,25,0.0413
C2,control,IL6,26,0.0316
C2,control,IL6,27,0.0467
C2,control,IL6,28,0.0719
C2,control,IL6,29,0.0998
C2,control,IL6,30,0.1578
C2,control,IL6,31,0.2331
C2,control,IL6,32,0.3841
C2,control,IL6,33,0.5751
C2,control,IL6,34,0.7971
C2,control,IL6,35,1.0388
C2,control,IL6,36,1.2668
C2,control,IL6,37,1.4531
C2,control,IL6,38,1.5816
C2,control,IL6,39,1.6797
C2,control,IL6,40,1.7427
C2,control,TNF,1,0.0086
C2,control,TNF,2,0.0163
C2,control,TNF,3,0.0353
C2,control,TNF,4,0.0144
C2,control,TNF,5,0.0237
C2,control,TNF,6,0.0189
C2,control,TNF,7,0.0182
C2,control,TNF,8,0.0192
C2,control,TNF,9,0.011
C2,control,TNF,10,0.0225
C2,control,TNF,11,0.0172
C2,control,TNF,12,0.0126
C2,control,TNF,13,0.0198
C2,control,TNF,14,0.0209
C2,control,TNF,15,0.0307
C2,control,TNF,16,0.0255
C2,control,TNF,17,0.0196
C2,control,TNF,18,0.0236
C2,control,TNF,19,0.0122
C2,control,TNF,20,0.0215
C2,control,TNF,21,0.0167
C2,control,TNF,22,0.0224
C2,control,TNF,23,0.0365
C2,control,TNF,24,0.0339
C2,control,TNF,25,0.0546
C2,control,TNF,26,0.0738
C2,control,TNF,27,0.1275
C2,control,TNF,28,0.192
C2,control,TNF,29,0.2938
C2,control,TNF,30,0.4461
C2,control,TNF,31,0.6534
C2,control,TNF,32,0.904
C2,control,TNF,33,1.1276
C2,control,TNF,34,1.3442
C2,control,TNF,35,1.5116
C2,control,TNF,36,1.6247
C2,control,TNF,37,1.6996
C2,control,TNF,38,1.7522
C2,control,TNF,39,1.7874
C2,control,TNF,40,1.7943
C3,control,GAPDH,1,0.0145
C3,control,GAPDH,2,0.0249
C3,control,GAPDH,3,0.0268
C3,control,GAPDH,4,0.0211
C3,control,GAPDH,5,0.0156
C3,control,GAPDH,6,0.0138
C3,control,GAPDH,7,0.0236
C3,control,GAPDH,8,0.0266
C3,control,GAPDH,9,0.0232
C3,control,GAPDH,10,0.0428
C3,control,GAPDH,11,0.0176
C3,control,GAPDH,12,0.0233
C3,control,GAPDH,13,0.0362
C3,control,GAPDH,14,0.0475
C3,control,GAPDH,15,0.0543
C3,control,GAPDH,16,0.0846
C3,control,GAPDH,17,0.1211
C3,control,GAPDH,18,0.1926
C3,control,GAPDH,19,0.2946
C3,control,GAPDH,20,0.4441
C3,control,GAPDH,21,0.6581
C3,control,GAPDH,22,0.8924
C3,control,GAPDH,23,1.148
C3,control,GAPDH,24,1.3559
C3,control,GAPDH,25,1.5262
C3,control,GAPDH,26,1.6334
C3,control,GAPDH,27,1.7061
C3,control,GAPDH,28,1.7619
C3,control,GAPDH,29,1.7801
C3,control,GAPDH,30,1.8004
C3,control,GAPDH,31,1.8095
C3,control,GAPDH,32,1.8155
C3,control,GAPDH,33,1.8219
C3,control,GAPDH,34,1.8175
C3,control,GAPDH,35,1.817
C3,control,GAPDH,36,1.813
C3,control,GAPDH,37,1.822
C3,control,GAPDH,38,1.8186
C3,control,GAPDH,39,1.8212
C3,control,GAPDH,40,1.8174
C3,control,IL6,1,0.0237
C3,control,IL6,2,0.0169
C3,control,IL6,3,0.0199
C3,control,IL6,4,0.0267
C3,control,IL6,5,0.0173
C3,control,IL6,6,0.0195
C3,control,IL6,7,0.0134
C3,control,IL6,8,0.0113
C3,control,IL6,9,0.027
C3,control,IL6,10,0.0197
C3,control,IL6,11,0.0071
C3,control,IL6,12,0.0107
C3,control,IL6,13,0.0225
C3,control,IL6,14,0.0221
C3,control,IL6,15,0.0172
C3,control,IL6,16,0.0326
C3,control,IL6,17,0.0165
C3,control,IL6,18,0.0278
C3,control,IL6,19,0.005
C3,control,IL6,20,0.0118
C3,control,IL6,21,0.0282
C3,control,IL6,22,0.0221
C3,control,IL6,23,0.027
C3,control,IL6,24,0.031
C3,control,IL6,25,0.0459
C3,control,IL6,26,0.0542
C3,control,IL6,27,0.0853
C3,control,IL6,28,0.129
C3,control,IL6,29,0.1924
C3,control,IL6,30,0.2985
C3,control,IL6,31,0.4457
C3,control,IL6,32,0.6591
C3,control,IL6,33,0.8994
C3,control,IL6,34,1.1308
C3,control,IL6,35,1.3287
C3,control,IL6,36,1.5175
C3,control,IL6,37,1.6353
C3,control,IL6,38,1.706
C3,control,IL6,39,1.7431
C3,control,IL6,40,1.7758
C3,control,TNF,1,0.0256
C3,control,TNF,2,0.0132
C3,control,TNF,3,0.0175
C3,control,TNF,4,0.0202
C3,control,TNF,5,0.0118
C3,control,TNF,6,0.0181
C3,control,TNF,7,0.017
C3,control,TNF,8,0.012
C3,control,TNF,9,0.0178
C3,control,TNF,10,0.0312
C3,control,TNF,11,0.0213
C3,control,TNF,12,0.011
C3,control,TNF,13,0.0228
C3,control,TNF,14,0.0209
C3,control,TNF,15,0.0215
C3,control,TNF,16,0.008
C3,control,TNF,17,0.0313
C3,control,TNF,18,0.0354
C3,control,TNF,19,0.0313
C3,control,TNF,20,0.0373
C3,control,TNF,21,0.0238
C3,control,TNF,22,0.0374
C3,control,TNF,23,0.0524
C3,control,TNF,24,0.0692
C3,control,TNF,25,0.0915
C3,control,TNF,26,0.1562
C3,control,TNF,27,0.2413
C3,control,TNF,28,0.3705
C3,control,TNF,29,0.5418
C3,control,TNF,30,0.7745
C3,control,TNF,31,1.0163
C3,control,TNF,32,1.2602
C3,control,TNF,33,1.4432
C3,control,TNF,34,1.5797
C3,control,TNF,35,1.6732
C3,control,TNF,36,1.7317
C3,control,TNF,37,1.7587
C3,control,TNF,38,1.7918
C3,control,TNF,39,1.8062
C3,control,TNF,40,1.8167
L1,LPS,GAPDH,1,0.0129
L1,LPS,GAPDH,2,0.0141
L1,LPS,GAPDH,3,0.0285
L1,LPS,GAPDH,4,0.015
L1,LPS,GAPDH,5,0.029
L1,LPS,GAPDH,6,0.0199
L1,LPS,GAPDH,7,0.0271
L1,LPS,GAPDH,8,0.0241
L1,LPS,GAPDH,9,0.0204
L1,LPS,GAPDH,10,0.0127
L1,LPS,GAPDH,11,0.0305
L1,LPS,GAPDH,12,0.0379
L1,LPS,GAPDH,13,0.0271
L1,LPS,GAPDH,14,0.0244
L1,LPS,GAPDH,15,0.0439
L1,LPS,GAPDH,16,0.0613
L1,LPS,GAPDH,17,0.0964
L1,LPS,GAPDH,18,0.1402
L1,LPS,GAPDH,19,0.2365
L1,LPS,GAPDH,20,0.3551
L1,LPS,GAPDH,21,0.5314
L1,LPS,GAPDH,22,0.7549
L1,LPS,GAPDH,23,1.0057
L1,LPS,GAPDH,24,1.2416
L1,LPS,GAPDH,25,1.4383
L1,LPS,GAPDH,26,1.5638
L1,LPS,GAPDH,27,1.6699
L1,LPS,GAPDH,28,1.7295
L1,LPS,GAPDH,29,1.7637
L1,LPS,GAPDH,30,1.7823
L1,LPS,GAPDH,31,1.8068
L1,LPS,GAPDH,32,1.8107
L1,LPS,GAPDH,33,1.8244
L1,LPS,GAPDH,34,1.8205
L1,LPS,GAPDH,35,1.8163
L1,LPS,GAPDH,36,1.8135
L1,LPS,GAPDH,37,1.8239
L1,LPS,GAPDH,38,1.8073
L1,LPS,GAPDH,39,1.8253
L1,LPS,GAPDH,40,1.8166
L1,LPS,IL6,1,0.0216
L1,LPS,IL6,2,0.0202
L1,LPS,IL6,3,0.0146
L1,LPS,IL6,4,0.0191
L1,LPS,IL6,5,0.0192
L1,LPS,IL6,6,0.0179
L1,LPS,IL6,7,0.0203
L1,LPS,IL6,8,0.0119
L1,LPS,IL6,9,0.0174
L1,LPS,IL6,10,0.023
L1,LPS,IL6,11,0.0241
L1,LPS,IL6,12,0.016
L1,LPS,IL6,13,0.0266
L1,LPS,IL6,14,0.0227
L1,LPS,IL6,15,0.0202
L1,LPS,IL6,16,0.018
L1,LPS,IL6,17,0.0185
L1,LPS,IL6,18,0.0209
L1,LPS,IL6,19,0.021
L1,LPS,IL6,20,0.032
L1,LPS,IL6,21,0.0253
L1,LPS,IL6,22,0.0508
L1,LPS,IL6,23,0.0705
L1,LPS,IL6,24,0.0997
L1,LPS,IL6,25,0.1551
L1,LPS,IL6,26,0.2351
L1,LPS,IL6,27,0.3654
L1,LPS,IL6,28,0.5259
L1,LPS,IL6,29,0.7483
L1,LPS,IL6,30,1.0058
L1,LPS,IL6,31,1.2349
L1,LPS,IL6,32,1.4364
L1,LPS,IL6,33,1.5741
L1,LPS,IL6,34,1.6649
L1,LPS,IL6,35,1.7179
L1,LPS,IL6,36,1.765
L1,LPS,IL6,37,1.7895
L1,LPS,IL6,38,1.8081
L1,LPS,IL6,39,1.8195
L1,LPS,IL6,40,1.8242
L1,LPS,TNF,1,0.0165
L1,LPS,TNF,2,0.0176
L1,LPS,TNF,3,0.0184
L1,LPS,TNF,4,0.0261
L1,LPS,TNF,5,0.0204
L1,LPS,TNF,6,0.0185
L1,LPS,TNF,7,0.0088
L1,LPS,TNF,8,0.0212
L1,LPS,TNF,9,0.03
L1,LPS,TNF,10,0.0091
L1,LPS,TNF,11,0.022
L1,LPS,TNF,12,0.0273
L1,LPS,TNF,13,0.0274
L1,LPS,TNF,14,0.0148
L1,LPS,TNF,15,0.0356
L1,LPS,TNF,16,0.0172
L1,LPS,TNF,17,0.0298
L1,LPS,TNF,18,0.0131
L1,LPS,TNF,19,0.0314
L1,LPS,TNF,20,0.0294
L1,LPS,TNF,21,0.0389
L1,LPS,TNF,22,0.0475
L1,LPS,TNF,23,0.0672
L1,LPS,TNF,24,0.0839
L1,LPS,TNF,25,0.1553
L1,LPS,TNF,26,0.2264
L1,LPS,TNF,27,0.3537
L1,LPS,TNF,28,0.534
L1,LPS,TNF,29,0.7583
L1,LPS,TNF,30,1.0029
L1,LPS,TNF,31,1.2284
L1,LPS,TNF,32,1.431
L1,LPS,TNF,33,1.5573
L1,LPS,TNF,34,1.6702
L1,LPS,TNF,35,1.7357
L1,LPS,TNF,36,1.7647
L1,LPS,TNF,37,1.7827
L1,LPS,TNF,38,1.7992
L1,LPS,TNF,39,1.8134
L1,LPS,TNF,40,1.8216
L2,LPS,GAPDH,1,0.0106
L2,LPS,GAPDH,2,0.0233
L2,LPS,GAPDH,3,0.0107
L2,LPS,GAPDH,4,0.0174
L2,LPS,GAPDH,5,0.0189
L2,LPS,GAPDH,6,0.0164
L2,LPS,GAPDH,7,0.022
L2,LPS,GAPDH,8,0.0296
L2,LPS,GAPDH,9,0.0191
L2,LPS,GAPDH,10,0.0281
L2,LPS,GAPDH,11,0.0265
L2,LPS,GAPDH,12,0.0388
L2,LPS,GAPDH,13,0.042
L2,LPS,GAPDH,14,0.0459
L2,LPS,GAPDH,15,0.0713
L2,LPS,GAPDH,16,0.0856
L2,LPS,GAPDH,17,0.1559
L2,LPS,GAPDH,18,0.219
L2,LPS,GAPDH,19,0.359
L2,LPS,GAPDH,20,0.5204
L2,LPS,GAPDH,21,0.7421
L2,LPS,GAPDH,22,0.9918
L2,LPS,GAPDH,23,1.2365
L2,LPS,GAPDH,24,1.4318
L2,LPS,GAPDH,25,1.5602
L2,LPS,GAPDH,26,1.6646
L2,LPS,GAPDH,27,1.7198
L2,LPS,GAPDH,28,1.7589
L2,LPS,GAPDH,29,1.799
L2,LPS,GAPDH,30,1.7971
L2,LPS,GAPDH,31,1.8182
L2,LPS,GAPDH,32,1.8069
L2,LPS,GAPDH,33,1.8124
L2,LPS,GAPDH,34,1.8136
L2,LPS,GAPDH,35,1.8233
L2,LPS,GAPDH,36,1.8284
L2,LPS,GAPDH,37,1.807
L2,LPS,GAPDH,38,1.8105
L2,LPS,GAPDH,39,1.8224
L2,LPS,GAPDH,40,1.8247
L2,LPS,IL6,1,0.0198
L2,LPS,IL6,2,0.0157
L2,LPS,IL6,3,0.0267
L2,LPS,IL6,4,0.0189
L2,LPS,IL6,5,0.0282
L2,LPS,IL6,6,0.0196
L2,LPS,IL6,7,0.0123
L2,LPS,IL6,8,0.0114
L2,LPS,IL6,9,0.0162
L2,LPS,IL6,10,0.0187
L2,LPS,IL6,11,0.015
L2,LPS,IL6,12,0.0202
L2,LPS,IL6,13,0.0247
L2,LPS,IL6,14,0.0193
L2,LPS,IL6,15,0.0183
L2,LPS,IL6,16,0.0251
L2,LPS,IL6,17,0.0327
L2,LPS,IL6,18,0.0265
L2,LPS,IL6,19,0.0397
L2,LPS,IL6,20,0.0449
L2,LPS,IL6,21,0.0604
L2,LPS,IL6,22,0.0789
L2,LPS,IL6,23,0.1369
L2,LPS,IL6,24,0.2206
L2,LPS,IL6,25,0.3227
L2,LPS,IL6,26,0.493
L2,LPS,IL6,27,0.6963
L2,LPS,IL6,28,0.9527
L2,LPS,IL6,29,1.1886
L2,LPS,IL6,30,1.3919
L2,LPS,IL6,31,1.5352
L2,LPS,IL6,32,1.6579
L2,LPS,IL6,33,1.7232
L2,LPS,IL6,34,1.7573
L2,LPS,IL6,35,1.7883
L2,LPS,IL6,36,1.7991
L2,LPS,IL6,37,1.8101
L2,LPS,IL6,38,1.8118
L2,LPS,IL6,39,1.8215
L2,LPS,IL6,40,1.8154
L2,LPS,TNF,1,0.0169
L2,LPS,TNF,2,0.026
L2,LPS,TNF,3,0.0312
L2,LPS,TNF,4,0.0239
L2,LPS,TNF,5,0.0271
L2,LPS,TNF,6,0.0229
L2,LPS,TNF,7,0.012
L2,LPS,TNF,8,0.0122
L2,LPS,TNF,9,0.0252
L2,LPS,TNF,10,0.0256
L2,LPS,TNF,11,0.024
L2,LPS,TNF,12,0.0179
L2,LPS,TNF,13,0.0168
L2,LPS,TNF,14,0.0207
L2,LPS,TNF,15,0.0252
L2,LPS,TNF,16,0.0213
L2,LPS,TNF,17,0.0347
L2,LPS,TNF,18,0.0276
L2,LPS,TNF,19,0.0492
L2,LPS,TNF,20,0.054
L2,LPS,TNF,21,0.0725
L2,LPS,TNF,22,0.1125
L2,LPS,TNF,23,0.1714
L2,LPS,TNF,24,0.2757
L2,LPS,TNF,25,0.4024
L2,LPS,TNF,26,0.6071
L2,LPS,TNF,27,0.8362
L2,LPS,TNF,28,1.0902
L2,LPS,TNF,29,1.3115
L2,LPS,TNF,30,1.485
L2,LPS,TNF,31,1.6063
L2,LPS,TNF,32,1.6942
L2,LPS,TNF,33,1.7568
L2,LPS,TNF,34,1.7762
L2,LPS,TNF,35,1.7983
L2,LPS,TNF,36,1.8053
L2,LPS,TNF,37,1.8204
L2,LPS,TNF,38,1.8099
L2,LPS,TNF,39,1.8218
L2,LPS,TNF,40,1.8157
L3,LPS,GAPDH,1,0.0242
L3,LPS,GAPDH,2,0.0169
L3,LPS,GAPDH,3,0.019
L3,LPS,GAPDH,4,0.0291
L3,LPS,GAPDH,5,0.017
L3,LPS,GAPDH,6,0.025
L3,LPS,GAPDH,7,0.0211
L3,LPS,GAPDH,8,0.0252
L3,LPS,GAPDH,9,0.0244
L3,LPS,GAPDH,10,0.022
L3,LPS,GAPDH,11,0.029
L3,LPS,GAPDH,12,0.0338
L3,LPS,GAPDH,13,0.0421
L3,LPS,GAPDH,14,0.0559
L3,LPS,GAPDH,15,0.0636
L3,LPS,GAPDH,16,0.1068
L3,LPS,GAPDH,17,0.1618
L3,LPS,GAPDH,18,0.2423
L3,LPS,GAPDH,19,0.3694
L3,LPS,GAPDH,20,0.5618
L3,LPS,GAPDH,21,0.7925
L3,LPS,GAPDH,22,1.0425
L3,LPS,GAPDH,23,1.266
L3,LPS,GAPDH,24,1.4561
L3,LPS,GAPDH,25,1.5888
L3,LPS,GAPDH,26,1.6732
L3,LPS,GAPDH,27,1.7317
L3,LPS,GAPDH,28,1.7777
L3,LPS,GAPDH,29,1.7912
L3,LPS,GAPDH,30,1.7937
L3,LPS,GAPDH,31,1.8138
L3,LPS,GAPDH,32,1.8168
L3,LPS,GAPDH,33,1.8085
L3,LPS,GAPDH,34,1.8047
L3,LPS,GAPDH,35,1.8285
L3,LPS,GAPDH,36,1.8169
L3,LPS,GAPDH,37,1.8187
L3,LPS,GAPDH,38,1.8343
L3,LPS,GAPDH,39,1.8257
L3,LPS,GAPDH,40,1.8253
L3,LPS,IL6,1,0.0184
L3,LPS,IL6,2,0.0181
L3,LPS,IL6,3,0.0245
L3,LPS,IL6,4,0.024
L3,LPS,IL6,5,0.0137
L3,LPS,IL6,6,0.0254
L3,LPS,IL6,7,0.0224
L3,LPS,IL6,8,0.0249
L3,LPS,IL6,9,0.026
L3,LPS,IL6,10,0.0304
L3,LPS,IL6,11,0.0157
L3,LPS,IL6,12,0.023
L3,LPS,IL6,13,0.0131
L3,LPS,IL6,14,0.0211
L3,LPS,IL6,15,0.0176
L3,LPS,IL6,16,0.033
L3,LPS,IL6,17,0.0232
L3,LPS,IL6,18,0.0358
L3,LPS,IL6,19,0.0367
L3,LPS,IL6,20,0.0623
L3,LPS,IL6,21,0.0987
L3,LPS,IL6,22,0.1432
L3,LPS,IL6,23,0.2413
L3,LPS,IL6,24,0.3748
L3,LPS,IL6,25,0.554
L3,LPS,IL6,26,0.7841
L3,LPS,IL6,27,1.0266
L3,LPS,IL6,28,1.2643
L3,LPS,IL6,29,1.4442
L3,LPS,IL6,30,1.5825
L3,LPS,IL6,31,1.6854
L3,LPS,IL6,32,1.7279
L3,LPS,IL6,33,1.7573
L3,LPS,IL6,34,1.7917
L3,LPS,IL6,35,1.8133
L3,LPS,IL6,36,1.8066
L3,LPS,IL6,37,1.8218
L3,LPS,IL6,38,1.8107
L3,LPS,IL6,39,1.82
L3,LPS,IL6,40,1.8298
L3,LPS,TNF,1,0.0181
L3,LPS,TNF,2,0.0193
L3,LPS,TNF,3,0.0193
L3,LPS,TNF,4,0.0265
L3,LPS,TNF,5,0.0136
L3,LPS,TNF,6,0.0118
L3,LPS,TNF,7,0.0204
L3,LPS,TNF,8,0.0261
L3,LPS,TNF,9,0.0244
L3,LPS,TNF,10,0.019
L3,LPS,TNF,11,0.0198
L3,LPS,TNF,12,0.0265
L3,LPS,TNF,13,0.0216
L3,LPS,TNF,14,0.012
L3,LPS,TNF,15,0.0227
L3,LPS,TNF,16,0.0295
L3,LPS,TNF,17,0.0323
L3,LPS,TNF,18,0.0331
L3,LPS,TNF,19,0.0508
L3,LPS,TNF,20,0.0693
L3,LPS,TNF,21,0.0864
L3,LPS,TNF,22,0.1465
L3,LPS,TNF,23,0.2242
L3,LPS,TNF,24,0.3423
L3,LPS,TNF,25,0.5306
L3,LPS,TNF,26,0.7316
L3,LPS,TNF,27,0.9857
L3,LPS,TNF,28,1.2238
L3,LPS,TNF,29,1.4164
L3,LPS,TNF,30,1.5516
L3,LPS,TNF,31,1.6601
L3,LPS,TNF,32,1.7395
L3,LPS,TNF,33,1.7701
L3,LPS,TNF,34,1.7784
L3,LPS,TNF,35,1.7965
L3,LPS,TNF,36,1.8195
L3,LPS,TNF,37,1.8171
L3,LPS,TNF,38,1.8133
L3,LPS,TNF,39,1.8256
L3,LPS,TNF,40,1.8153
