id,visit,date,ldl
P01,1,2024-01-26,117
P01,2,2024-05-15,108
P01,3,2024-08-30,98
P02,1,2024-01-09,110
P02,2,2024-04-12,NA
P03,1,2024-03-01,135
P03,2,2024-05-27,120
P03,3,2024-09-07,121
P04,1,2024-01-31,156
P04,2,2024-04-27,147
P05,1,2024-02-23,150
P05,2,2024-05-20,145
P05,3,2024-09-03,124
P06,1,2024-01-19,139
P06,2,2024-04-26,130
P06,3,2024-08-03,123
P23,1,2024-02-26,148
P23,2,2024-06-15,133
P23,3,2024-09-17,NA
P24,1,2024-01-23,132
P24,2,2024-05-03,121
P24,3,2024-08-17,111
P25,1,2024-01-11,134
P25,2,2024-04-10,120
P26,1,2024-02-02,122
P26,2,2024-05-14,113
P26,3,2024-08-03,102
P27,1,2024-02-14,129
P27,2,2024-05-27,120
P27,3,2024-08-25,106
P28,1,2024-03-07,118
P28,2,2024-06-11,103
P28,3,2024-09-25,109
P29,1,2024-02-12,143
P29,2,2024-05-26,137
P29,3,2024-08-16,119
P30,1,2024-02-29,162
P30,2,2024-06-11,157
P41,1,2024-02-29,145
P41,2,2024-06-09,134
P42,1,2024-02-21,106
P42,2,2024-05-25,95
P42,3,2024-08-21,79
